Bitcoin (BTC),"$7,583.75"
Ethereum (ETH),$133.62
Dash (DASH),$44.40
XRP (XRP),$0.196736
Ontology (ONT),$0.538411
Tether (USDT),$0.998574
VeChain (VET),$0.005627
Bitcoin Cash (BCH),$196.17
NEM (XEM),$0.033365
Litecoin (LTC),$42.35
Please turn JavaScript on and reload the page., 
Please turn JavaScript on and reload the page., 
Please turn JavaScript on and reload the page., 
Please turn JavaScript on and reload the page., 
Please turn JavaScript on and reload the page., 
Please turn JavaScript on and reload the page., 
Please turn JavaScript on and reload the page., 
Please turn JavaScript on and reload the page., 
Please turn JavaScript on and reload the page., 
Please turn JavaScript on and reload the page., 
Please turn JavaScript on and reload the page., 
Please turn JavaScript on and reload the page., 
Please turn JavaScript on and reload the page., 
Please turn JavaScript on and reload the page., 
Please turn JavaScript on and reload the page., 
Please turn JavaScript on and reload the page., 
Please turn JavaScript on and reload the page., 
Please turn JavaScript on and reload the page., 
Please turn JavaScript on and reload the page., 
Please turn JavaScript on and reload the page., 
Please turn JavaScript on and reload the page., 
Please turn JavaScript on and reload the page., 
Please turn JavaScript on and reload the page., 
Please turn JavaScript on and reload the page., 
Please turn JavaScript on and reload the page., 
Please turn JavaScript on and reload the page., 
Please turn JavaScript on and reload the page., 
Please turn JavaScript on and reload the page., 
Please turn JavaScript on and reload the page., 
Please turn JavaScript on and reload the page., 
Please turn JavaScript on and reload the page., 
Please turn JavaScript on and reload the page., 
Please turn JavaScript on and reload the page., 
Please turn JavaScript on and reload the page., 
Please turn JavaScript on and reload the page., 
Please turn JavaScript on and reload the page., 
Please turn JavaScript on and reload the page., 
Please turn JavaScript on and reload the page., 
Please turn JavaScript on and reload the page., 
Please turn JavaScript on and reload the page., 
Please turn JavaScript on and reload the page., 
Please turn JavaScript on and reload the page., 
Please turn JavaScript on and reload the page., 
Please turn JavaScript on and reload the page., 
Please turn JavaScript on and reload the page., 
Please turn JavaScript on and reload the page., 
Please turn JavaScript on and reload the page., 
Please turn JavaScript on and reload the page., 
Please turn JavaScript on and reload the page., 
Please turn JavaScript on and reload the page., 
Please turn JavaScript on and reload the page., 
Please turn JavaScript on and reload the page., 
Please turn JavaScript on and reload the page., 
Please turn JavaScript on and reload the page., 
Please turn JavaScript on and reload the page., 
Please turn JavaScript on and reload the page., 
Please turn JavaScript on and reload the page., 
Please turn JavaScript on and reload the page., 
Please turn JavaScript on and reload the page., 
Please turn JavaScript on and reload the page., 
Please turn JavaScript on and reload the page., 
Please turn JavaScript on and reload the page., 
Dash (DASH),$44.40
Bitcoin (BTC),"$7,587.37"
Ethereum (ETH),$133.54
Ontology (ONT),$0.538689
XRP (XRP),$0.196626
VeChain (VET),$0.005625
Tether (USDT),$0.997012
NEM (XEM),$0.033323
Bitcoin Cash (BCH),$196.11
Dogecoin (DOGE),$0.002104
Litecoin (LTC),$42.36
EOS (EOS),$2.56
Basic Attention Token (BAT),$0.171210
Binance Coin (BNB),$13.87
Zcash (ZEC),$29.40
Bitcoin SV (BSV),$89.37
Paxos Standard (PAX),$1.01
Please turn JavaScript on and reload the page., 
Please turn JavaScript on and reload the page., 
Please turn JavaScript on and reload the page., 
Please turn JavaScript on and reload the page., 
Please turn JavaScript on and reload the page., 
Please turn JavaScript on and reload the page., 
Please turn JavaScript on and reload the page., 
Please turn JavaScript on and reload the page., 
Please turn JavaScript on and reload the page., 
Please turn JavaScript on and reload the page., 
Please turn JavaScript on and reload the page., 
Please turn JavaScript on and reload the page., 
Please turn JavaScript on and reload the page., 
Please turn JavaScript on and reload the page., 
Please turn JavaScript on and reload the page., 
Please turn JavaScript on and reload the page., 
Please turn JavaScript on and reload the page., 
Please turn JavaScript on and reload the page., 
Please turn JavaScript on and reload the page., 
Please turn JavaScript on and reload the page., 
Please turn JavaScript on and reload the page., 
Please turn JavaScript on and reload the page., 
Please turn JavaScript on and reload the page., 
Please turn JavaScript on and reload the page., 
Please turn JavaScript on and reload the page., 
Please turn JavaScript on and reload the page., 
Please turn JavaScript on and reload the page., 
Please turn JavaScript on and reload the page., 
Please turn JavaScript on and reload the page., 
Please turn JavaScript on and reload the page., 
Please turn JavaScript on and reload the page., 
Please turn JavaScript on and reload the page., 
Please turn JavaScript on and reload the page., 
Please turn JavaScript on and reload the page., 
Please turn JavaScript on and reload the page., 
Please turn JavaScript on and reload the page., 
Please turn JavaScript on and reload the page., 
Please turn JavaScript on and reload the page., 
Please turn JavaScript on and reload the page., 
Please turn JavaScript on and reload the page., 
Please turn JavaScript on and reload the page., 
Please turn JavaScript on and reload the page., 
Please turn JavaScript on and reload the page., 
Please turn JavaScript on and reload the page., 
Please turn JavaScript on and reload the page., 
Please turn JavaScript on and reload the page., 
Please turn JavaScript on and reload the page., 
Please turn JavaScript on and reload the page., 
Please turn JavaScript on and reload the page., 
Please turn JavaScript on and reload the page., 
Please turn JavaScript on and reload the page., 
Please turn JavaScript on and reload the page., 
Please turn JavaScript on and reload the page., 
Please turn JavaScript on and reload the page., 
Please turn JavaScript on and reload the page., 
Please turn JavaScript on and reload the page., 
Please turn JavaScript on and reload the page., 
Please turn JavaScript on and reload the page., 
Please turn JavaScript on and reload the page., 
Please turn JavaScript on and reload the page., 
Please turn JavaScript on and reload the page., 
Please turn JavaScript on and reload the page., 
Please turn JavaScript on and reload the page., 
Please turn JavaScript on and reload the page., 
Please turn JavaScript on and reload the page., 
Please turn JavaScript on and reload the page., 
Please turn JavaScript on and reload the page., 
Please turn JavaScript on and reload the page., 
Please turn JavaScript on and reload the page., 
Please turn JavaScript on and reload the page., 
Please turn JavaScript on and reload the page., 
Please turn JavaScript on and reload the page., 
Please turn JavaScript on and reload the page., 
Please turn JavaScript on and reload the page., 
Please turn JavaScript on and reload the page., 
Please turn JavaScript on and reload the page., 
Please turn JavaScript on and reload the page., 
Please turn JavaScript on and reload the page., 
Please turn JavaScript on and reload the page., 
Please turn JavaScript on and reload the page., 
Please turn JavaScript on and reload the page., 
Please turn JavaScript on and reload the page., 
Please turn JavaScript on and reload the page., 
Please turn JavaScript on and reload the page., 
Please turn JavaScript on and reload the page., 
Please turn JavaScript on and reload the page., 
Please turn JavaScript on and reload the page., 
Please turn JavaScript on and reload the page., 
Please turn JavaScript on and reload the page., 
Please turn JavaScript on and reload the page., 
Please turn JavaScript on and reload the page., 
Please turn JavaScript on and reload the page., 
Please turn JavaScript on and reload the page., 
Please turn JavaScript on and reload the page., 
Please turn JavaScript on and reload the page., 
Please turn JavaScript on and reload the page., 
Please turn JavaScript on and reload the page., 
Please turn JavaScript on and reload the page., 
Please turn JavaScript on and reload the page., 
Please turn JavaScript on and reload the page., 
Please turn JavaScript on and reload the page., 
Please turn JavaScript on and reload the page., 
Please turn JavaScript on and reload the page., 
Please turn JavaScript on and reload the page., 
Please turn JavaScript on and reload the page., 
Please turn JavaScript on and reload the page., 
Please turn JavaScript on and reload the page., 
Please turn JavaScript on and reload the page., 
Please turn JavaScript on and reload the page., 
Please turn JavaScript on and reload the page., 
Please turn JavaScript on and reload the page., 
Please turn JavaScript on and reload the page., 
Please turn JavaScript on and reload the page., 
Please turn JavaScript on and reload the page., 
Please turn JavaScript on and reload the page., 
Please turn JavaScript on and reload the page., 
Please turn JavaScript on and reload the page., 
Please turn JavaScript on and reload the page., 
Please turn JavaScript on and reload the page., 
Please turn JavaScript on and reload the page., 
Please turn JavaScript on and reload the page., 
Please turn JavaScript on and reload the page., 
Please turn JavaScript on and reload the page., 
Please turn JavaScript on and reload the page., 
Please turn JavaScript on and reload the page., 
Please turn JavaScript on and reload the page., 
Please turn JavaScript on and reload the page., 
Please turn JavaScript on and reload the page., 
Please turn JavaScript on and reload the page., 
Please turn JavaScript on and reload the page., 
Please turn JavaScript on and reload the page., 
Please turn JavaScript on and reload the page., 
Please turn JavaScript on and reload the page., 
Please turn JavaScript on and reload the page., 
Please turn JavaScript on and reload the page., 
Please turn JavaScript on and reload the page., 
Please turn JavaScript on and reload the page., 
Please turn JavaScript on and reload the page., 
Please turn JavaScript on and reload the page., 
Please turn JavaScript on and reload the page., 
Please turn JavaScript on and reload the page., 
Please turn JavaScript on and reload the page., 
Please turn JavaScript on and reload the page., 
Please turn JavaScript on and reload the page., 
Please turn JavaScript on and reload the page., 
Please turn JavaScript on and reload the page., 
Please turn JavaScript on and reload the page., 
Please turn JavaScript on and reload the page., 
Please turn JavaScript on and reload the page., 
Please turn JavaScript on and reload the page., 
Please turn JavaScript on and reload the page., 
Please turn JavaScript on and reload the page., 
Please turn JavaScript on and reload the page., 
Please turn JavaScript on and reload the page., 
Please turn JavaScript on and reload the page., 
Please turn JavaScript on and reload the page., 
Please turn JavaScript on and reload the page., 
Please turn JavaScript on and reload the page., 
Please turn JavaScript on and reload the page., 
Please turn JavaScript on and reload the page., 
Please turn JavaScript on and reload the page., 
Please turn JavaScript on and reload the page., 
Please turn JavaScript on and reload the page., 
Please turn JavaScript on and reload the page., 
Please turn JavaScript on and reload the page., 
Please turn JavaScript on and reload the page., 
Please turn JavaScript on and reload the page., 
Please turn JavaScript on and reload the page., 
Please turn JavaScript on and reload the page., 
Please turn JavaScript on and reload the page., 
Please turn JavaScript on and reload the page., 
Please turn JavaScript on and reload the page., 
Please turn JavaScript on and reload the page., 
Please turn JavaScript on and reload the page., 
Please turn JavaScript on and reload the page., 
Please turn JavaScript on and reload the page., 
Please turn JavaScript on and reload the page., 
Please turn JavaScript on and reload the page., 
Please turn JavaScript on and reload the page., 
Please turn JavaScript on and reload the page., 
Please turn JavaScript on and reload the page., 
Please turn JavaScript on and reload the page., 
Loom Network (LOOM),$0.017617
Wirex Token (WXT),$0.009808
XMax (XMX),$0.000936
Project Pai (PAI),$0.008861
Santiment Network Token (SAN),$0.199935
Please turn JavaScript on and reload the page., 
Please turn JavaScript on and reload the page., 
BHPCoin (BHP),$0.836674
Please turn JavaScript on and reload the page., 
Please turn JavaScript on and reload the page., 
Please turn JavaScript on and reload the page., 
Please turn JavaScript on and reload the page., 
Please turn JavaScript on and reload the page., 
Please turn JavaScript on and reload the page., 
Please turn JavaScript on and reload the page., 
Please turn JavaScript on and reload the page., 
Please turn JavaScript on and reload the page., 
Please turn JavaScript on and reload the page., 
Please turn JavaScript on and reload the page., 
Please turn JavaScript on and reload the page., 
Please turn JavaScript on and reload the page., 
Please turn JavaScript on and reload the page., 
Please turn JavaScript on and reload the page., 
Please turn JavaScript on and reload the page., 
Please turn JavaScript on and reload the page., 
Please turn JavaScript on and reload the page., 
Please turn JavaScript on and reload the page., 
Please turn JavaScript on and reload the page., 
Please turn JavaScript on and reload the page., 
Please turn JavaScript on and reload the page., 
Please turn JavaScript on and reload the page., 
Please turn JavaScript on and reload the page., 
Please turn JavaScript on and reload the page., 
Please turn JavaScript on and reload the page., 
Please turn JavaScript on and reload the page., 
Please turn JavaScript on and reload the page., 
Please turn JavaScript on and reload the page., 
Please turn JavaScript on and reload the page., 
Please turn JavaScript on and reload the page., 
Please turn JavaScript on and reload the page., 
Please turn JavaScript on and reload the page., 
Please turn JavaScript on and reload the page., 
Please turn JavaScript on and reload the page., 
Please turn JavaScript on and reload the page., 
Dash (DASH),$44.35
Bitcoin (BTC),"$7,580.90"
Ethereum (ETH),$133.64
Ontology (ONT),$0.539390
XRP (XRP),$0.196682
VeChain (VET),$0.005632
Tether (USDT),$0.998577
Bitcoin Cash (BCH),$196.27
Litecoin (LTC),$42.40
NEM (XEM),$0.033389
Dogecoin (DOGE),$0.002106
EOS (EOS),$2.56
Basic Attention Token (BAT),$0.171665
Zcash (ZEC),$29.41
Paxos Standard (PAX),$1.01
Binance Coin (BNB),$13.88
Please turn JavaScript on and reload the page., 
Please turn JavaScript on and reload the page., 
Please turn JavaScript on and reload the page., 
Please turn JavaScript on and reload the page., 
Please turn JavaScript on and reload the page., 
Please turn JavaScript on and reload the page., 
Please turn JavaScript on and reload the page., 
Please turn JavaScript on and reload the page., 
Please turn JavaScript on and reload the page., 
Please turn JavaScript on and reload the page., 
Please turn JavaScript on and reload the page., 
Please turn JavaScript on and reload the page., 
Please turn JavaScript on and reload the page., 
Please turn JavaScript on and reload the page., 
Please turn JavaScript on and reload the page., 
Please turn JavaScript on and reload the page., 
Please turn JavaScript on and reload the page., 
Please turn JavaScript on and reload the page., 
Please turn JavaScript on and reload the page., 
Please turn JavaScript on and reload the page., 
Please turn JavaScript on and reload the page., 
Please turn JavaScript on and reload the page., 
Please turn JavaScript on and reload the page., 
Please turn JavaScript on and reload the page., 
Please turn JavaScript on and reload the page., 
Please turn JavaScript on and reload the page., 
Please turn JavaScript on and reload the page., 
Bitcoin (BTC),"$7,585.74"
Dash (DASH),$44.36
Ethereum (ETH),$133.70
Ontology (ONT),$0.539407
XRP (XRP),$0.196788
VeChain (VET),$0.005658
Tether (USDT),$0.998113
NEM (XEM),$0.033423
Dogecoin (DOGE),$0.002108
Bitcoin Cash (BCH),$196.21
Litecoin (LTC),$42.41
Basic Attention Token (BAT),$0.171873
Please turn JavaScript on and reload the page., 
Please turn JavaScript on and reload the page., 
Please turn JavaScript on and reload the page., 
Please turn JavaScript on and reload the page., 
Please turn JavaScript on and reload the page., 
Please turn JavaScript on and reload the page., 
Please turn JavaScript on and reload the page., 
Please turn JavaScript on and reload the page., 
Please turn JavaScript on and reload the page., 
Please turn JavaScript on and reload the page., 
Please turn JavaScript on and reload the page., 
Please turn JavaScript on and reload the page., 
Please turn JavaScript on and reload the page., 
Please turn JavaScript on and reload the page., 
Please turn JavaScript on and reload the page., 
Please turn JavaScript on and reload the page., 
Please turn JavaScript on and reload the page., 
Please turn JavaScript on and reload the page., 
Please turn JavaScript on and reload the page., 
Please turn JavaScript on and reload the page., 
Please turn JavaScript on and reload the page., 
Please turn JavaScript on and reload the page., 
Please turn JavaScript on and reload the page., 
Please turn JavaScript on and reload the page., 
Please turn JavaScript on and reload the page., 
Please turn JavaScript on and reload the page., 
Please turn JavaScript on and reload the page., 
Please turn JavaScript on and reload the page., 
Please turn JavaScript on and reload the page., 
Please turn JavaScript on and reload the page., 
Please turn JavaScript on and reload the page., 
Please turn JavaScript on and reload the page., 
Please turn JavaScript on and reload the page., 
Please turn JavaScript on and reload the page., 
Please turn JavaScript on and reload the page., 
Please turn JavaScript on and reload the page., 
Please turn JavaScript on and reload the page., 
Please turn JavaScript on and reload the page., 
Please turn JavaScript on and reload the page., 
Please turn JavaScript on and reload the page., 
Please turn JavaScript on and reload the page., 
Please turn JavaScript on and reload the page., 
Please turn JavaScript on and reload the page., 
Please turn JavaScript on and reload the page., 
Please turn JavaScript on and reload the page., 
Please turn JavaScript on and reload the page., 
Please turn JavaScript on and reload the page., 
Please turn JavaScript on and reload the page., 
Please turn JavaScript on and reload the page., 
Please turn JavaScript on and reload the page., 
Please turn JavaScript on and reload the page., 
Please turn JavaScript on and reload the page., 
Please turn JavaScript on and reload the page., 
Please turn JavaScript on and reload the page., 
Please turn JavaScript on and reload the page., 
Please turn JavaScript on and reload the page., 
Please turn JavaScript on and reload the page., 
Please turn JavaScript on and reload the page., 
Please turn JavaScript on and reload the page., 
Please turn JavaScript on and reload the page., 
Please turn JavaScript on and reload the page., 
Please turn JavaScript on and reload the page., 
Please turn JavaScript on and reload the page., 
Please turn JavaScript on and reload the page., 
Please turn JavaScript on and reload the page., 
Please turn JavaScript on and reload the page., 
Please turn JavaScript on and reload the page., 
Please turn JavaScript on and reload the page., 
Please turn JavaScript on and reload the page., 
Please turn JavaScript on and reload the page., 
Please turn JavaScript on and reload the page., 
Please turn JavaScript on and reload the page., 
Please turn JavaScript on and reload the page., 
Please turn JavaScript on and reload the page., 
Please turn JavaScript on and reload the page., 
Please turn JavaScript on and reload the page., 
Please turn JavaScript on and reload the page., 
Please turn JavaScript on and reload the page., 
Please turn JavaScript on and reload the page., 
Please turn JavaScript on and reload the page., 
Please turn JavaScript on and reload the page., 
Please turn JavaScript on and reload the page., 
Please turn JavaScript on and reload the page., 
Please turn JavaScript on and reload the page., 
Please turn JavaScript on and reload the page., 
Please turn JavaScript on and reload the page., 
Please turn JavaScript on and reload the page., 
Please turn JavaScript on and reload the page., 
Please turn JavaScript on and reload the page., 
Please turn JavaScript on and reload the page., 
Please turn JavaScript on and reload the page., 
Please turn JavaScript on and reload the page., 
Please turn JavaScript on and reload the page., 
Please turn JavaScript on and reload the page., 
Please turn JavaScript on and reload the page., 
Please turn JavaScript on and reload the page., 
Please turn JavaScript on and reload the page., 
Please turn JavaScript on and reload the page., 
Please turn JavaScript on and reload the page., 
Please turn JavaScript on and reload the page., 
Please turn JavaScript on and reload the page., 
Please turn JavaScript on and reload the page., 
Please turn JavaScript on and reload the page., 
Please turn JavaScript on and reload the page., 
Please turn JavaScript on and reload the page., 
Please turn JavaScript on and reload the page., 
Please turn JavaScript on and reload the page., 
Please turn JavaScript on and reload the page., 
Please turn JavaScript on and reload the page., 
Please turn JavaScript on and reload the page., 
Please turn JavaScript on and reload the page., 
Please turn JavaScript on and reload the page., 
Please turn JavaScript on and reload the page., 
Please turn JavaScript on and reload the page., 
Please turn JavaScript on and reload the page., 
Please turn JavaScript on and reload the page., 
Please turn JavaScript on and reload the page., 
Please turn JavaScript on and reload the page., 
Please turn JavaScript on and reload the page., 
Please turn JavaScript on and reload the page., 
Please turn JavaScript on and reload the page., 
Please turn JavaScript on and reload the page., 
Please turn JavaScript on and reload the page., 
Please turn JavaScript on and reload the page., 
Please turn JavaScript on and reload the page., 
Please turn JavaScript on and reload the page., 
Please turn JavaScript on and reload the page., 
Please turn JavaScript on and reload the page., 
Please turn JavaScript on and reload the page., 
Please turn JavaScript on and reload the page., 
Please turn JavaScript on and reload the page., 
Please turn JavaScript on and reload the page., 
Please turn JavaScript on and reload the page., 
Please turn JavaScript on and reload the page., 
Please turn JavaScript on and reload the page., 
Please turn JavaScript on and reload the page., 
Please turn JavaScript on and reload the page., 
Please turn JavaScript on and reload the page., 
Please turn JavaScript on and reload the page., 
Please turn JavaScript on and reload the page., 
Please turn JavaScript on and reload the page., 
Please turn JavaScript on and reload the page., 
Please turn JavaScript on and reload the page., 
Please turn JavaScript on and reload the page., 
Please turn JavaScript on and reload the page., 
Please turn JavaScript on and reload the page., 
Please turn JavaScript on and reload the page., 
Please turn JavaScript on and reload the page., 
Please turn JavaScript on and reload the page., 
Please turn JavaScript on and reload the page., 
Please turn JavaScript on and reload the page., 
Please turn JavaScript on and reload the page., 
Please turn JavaScript on and reload the page., 
Please turn JavaScript on and reload the page., 
Please turn JavaScript on and reload the page., 
Please turn JavaScript on and reload the page., 
Please turn JavaScript on and reload the page., 
Please turn JavaScript on and reload the page., 
Please turn JavaScript on and reload the page., 
Please turn JavaScript on and reload the page., 
Please turn JavaScript on and reload the page., 
Please turn JavaScript on and reload the page., 
Please turn JavaScript on and reload the page., 
Please turn JavaScript on and reload the page., 
Please turn JavaScript on and reload the page., 
Please turn JavaScript on and reload the page., 
Please turn JavaScript on and reload the page., 
Please turn JavaScript on and reload the page., 
Please turn JavaScript on and reload the page., 
Please turn JavaScript on and reload the page., 
Please turn JavaScript on and reload the page., 
Please turn JavaScript on and reload the page., 
Please turn JavaScript on and reload the page., 
Please turn JavaScript on and reload the page., 
Please turn JavaScript on and reload the page., 
Please turn JavaScript on and reload the page., 
Please turn JavaScript on and reload the page., 
Bitcoin (BTC),"$7,586.86"
Ethereum (ETH),$133.74
Dash (DASH),$44.42
XRP (XRP),$0.196789
Ontology (ONT),$0.539584
Tether (USDT),$0.995479
Bitcoin Cash (BCH),$196.30
VeChain (VET),$0.005774
Litecoin (LTC),$42.38
NEM (XEM),$0.033400
Dogecoin (DOGE),$0.002107
EOS (EOS),$2.57
Please turn JavaScript on and reload the page., 
Please turn JavaScript on and reload the page., 
Please turn JavaScript on and reload the page., 
Basic Attention Token (BAT),$0.171795
Please turn JavaScript on and reload the page., 
Please turn JavaScript on and reload the page., 
Please turn JavaScript on and reload the page., 
Please turn JavaScript on and reload the page., 
Please turn JavaScript on and reload the page., 
Please turn JavaScript on and reload the page., 
Please turn JavaScript on and reload the page., 
Please turn JavaScript on and reload the page., 
Please turn JavaScript on and reload the page., 
Please turn JavaScript on and reload the page., 
Please turn JavaScript on and reload the page., 
Please turn JavaScript on and reload the page., 
Please turn JavaScript on and reload the page., 
Please turn JavaScript on and reload the page., 
Please turn JavaScript on and reload the page., 
Please turn JavaScript on and reload the page., 
Please turn JavaScript on and reload the page., 
Please turn JavaScript on and reload the page., 
Please turn JavaScript on and reload the page., 
Please turn JavaScript on and reload the page., 
Please turn JavaScript on and reload the page., 
Please turn JavaScript on and reload the page., 
Please turn JavaScript on and reload the page., 
Please turn JavaScript on and reload the page., 
Please turn JavaScript on and reload the page., 
Please turn JavaScript on and reload the page., 
Please turn JavaScript on and reload the page., 
Please turn JavaScript on and reload the page., 
Please turn JavaScript on and reload the page., 
Please turn JavaScript on and reload the page., 
Please turn JavaScript on and reload the page., 
Please turn JavaScript on and reload the page., 
Please turn JavaScript on and reload the page., 
Please turn JavaScript on and reload the page., 
Please turn JavaScript on and reload the page., 
Please turn JavaScript on and reload the page., 
Please turn JavaScript on and reload the page., 
Please turn JavaScript on and reload the page., 
Please turn JavaScript on and reload the page., 
Please turn JavaScript on and reload the page., 
Please turn JavaScript on and reload the page., 
Please turn JavaScript on and reload the page., 
Please turn JavaScript on and reload the page., 
Please turn JavaScript on and reload the page., 
Please turn JavaScript on and reload the page., 
Please turn JavaScript on and reload the page., 
Please turn JavaScript on and reload the page., 
Please turn JavaScript on and reload the page., 
Please turn JavaScript on and reload the page., 
Please turn JavaScript on and reload the page., 
Please turn JavaScript on and reload the page., 
Please turn JavaScript on and reload the page., 
Please turn JavaScript on and reload the page., 
Please turn JavaScript on and reload the page., 
Please turn JavaScript on and reload the page., 
Please turn JavaScript on and reload the page., 
Please turn JavaScript on and reload the page., 
Please turn JavaScript on and reload the page., 
Please turn JavaScript on and reload the page., 
Please turn JavaScript on and reload the page., 
Please turn JavaScript on and reload the page., 
Please turn JavaScript on and reload the page., 
Dash (DASH),$44.41
Bitcoin (BTC),"$7,597.26"
Ethereum (ETH),$133.92
XRP (XRP),$0.196753
Ontology (ONT),$0.540067
Tether (USDT),$0.996036
VeChain (VET),$0.005777
Bitcoin Cash (BCH),$196.55
Litecoin (LTC),$42.40
NEM (XEM),$0.033398
EOS (EOS),$2.57
Dogecoin (DOGE),$0.002108
Binance Coin (BNB),$13.92
Basic Attention Token (BAT),$0.172100
Bitcoin SV (BSV),$89.65
Please turn JavaScript on and reload the page., 
Please turn JavaScript on and reload the page., 
Please turn JavaScript on and reload the page., 
Please turn JavaScript on and reload the page., 
Please turn JavaScript on and reload the page., 
Please turn JavaScript on and reload the page., 
Please turn JavaScript on and reload the page., 
Please turn JavaScript on and reload the page., 
Please turn JavaScript on and reload the page., 
Please turn JavaScript on and reload the page., 
Please turn JavaScript on and reload the page., 
Please turn JavaScript on and reload the page., 
Please turn JavaScript on and reload the page., 
Please turn JavaScript on and reload the page., 
Please turn JavaScript on and reload the page., 
Please turn JavaScript on and reload the page., 
Please turn JavaScript on and reload the page., 
Bitcoin (BTC),"$7,597.75"
Dash (DASH),$44.57
Ethereum (ETH),$134.07
Ontology (ONT),$0.538433
XRP (XRP),$0.196834
VeChain (VET),$0.005842
Tether (USDT),$0.998143
NEM (XEM),$0.033389
Dogecoin (DOGE),$0.002106
Bitcoin Cash (BCH),$196.53
Basic Attention Token (BAT),$0.171882
Litecoin (LTC),$42.50
Zcash (ZEC),$29.50
EOS (EOS),$2.57
Paxos Standard (PAX),$1.01
Binance Coin (BNB),$13.93
FTX Token (FTT),$2.27
Bitcoin SV (BSV),$89.69
Please turn JavaScript on and reload the page., 
Synthetix Network Token (SNX),$1.34
Please turn JavaScript on and reload the page., 
Please turn JavaScript on and reload the page., 
Please turn JavaScript on and reload the page., 
Please turn JavaScript on and reload the page., 
Please turn JavaScript on and reload the page., 
Please turn JavaScript on and reload the page., 
Please turn JavaScript on and reload the page., 
Please turn JavaScript on and reload the page., 
Please turn JavaScript on and reload the page., 
Please turn JavaScript on and reload the page., 
Please turn JavaScript on and reload the page., 
Please turn JavaScript on and reload the page., 
Please turn JavaScript on and reload the page., 
Please turn JavaScript on and reload the page., 
Please turn JavaScript on and reload the page., 
Please turn JavaScript on and reload the page., 
Please turn JavaScript on and reload the page., 
Please turn JavaScript on and reload the page., 
Please turn JavaScript on and reload the page., 
Please turn JavaScript on and reload the page., 
Please turn JavaScript on and reload the page., 
Please turn JavaScript on and reload the page., 
Please turn JavaScript on and reload the page., 
Please turn JavaScript on and reload the page., 
Please turn JavaScript on and reload the page., 
Please turn JavaScript on and reload the page., 
Please turn JavaScript on and reload the page., 
Please turn JavaScript on and reload the page., 
Please turn JavaScript on and reload the page., 
Please turn JavaScript on and reload the page., 
Please turn JavaScript on and reload the page., 
Please turn JavaScript on and reload the page., 
Please turn JavaScript on and reload the page., 
Please turn JavaScript on and reload the page., 
Please turn JavaScript on and reload the page., 
Please turn JavaScript on and reload the page., 
Please turn JavaScript on and reload the page., 
Please turn JavaScript on and reload the page., 
Please turn JavaScript on and reload the page., 
Please turn JavaScript on and reload the page., 
Please turn JavaScript on and reload the page., 
Please turn JavaScript on and reload the page., 
Please turn JavaScript on and reload the page., 
Please turn JavaScript on and reload the page., 
Please turn JavaScript on and reload the page., 
Please turn JavaScript on and reload the page., 
Please turn JavaScript on and reload the page., 
Please turn JavaScript on and reload the page., 
Please turn JavaScript on and reload the page., 
Please turn JavaScript on and reload the page., 
Please turn JavaScript on and reload the page., 
Please turn JavaScript on and reload the page., 
Please turn JavaScript on and reload the page., 
Please turn JavaScript on and reload the page., 
Please turn JavaScript on and reload the page., 
Please turn JavaScript on and reload the page., 
Please turn JavaScript on and reload the page., 
Please turn JavaScript on and reload the page., 
Please turn JavaScript on and reload the page., 
Please turn JavaScript on and reload the page., 
Please turn JavaScript on and reload the page., 
Please turn JavaScript on and reload the page., 
Please turn JavaScript on and reload the page., 
Please turn JavaScript on and reload the page., 
Please turn JavaScript on and reload the page., 
Please turn JavaScript on and reload the page., 
Please turn JavaScript on and reload the page., 
Please turn JavaScript on and reload the page., 
Please turn JavaScript on and reload the page., 
Please turn JavaScript on and reload the page., 
Please turn JavaScript on and reload the page., 
Please turn JavaScript on and reload the page., 
Please turn JavaScript on and reload the page., 
Please turn JavaScript on and reload the page., 
Please turn JavaScript on and reload the page., 
Please turn JavaScript on and reload the page., 
Please turn JavaScript on and reload the page., 
Please turn JavaScript on and reload the page., 
Please turn JavaScript on and reload the page., 
Please turn JavaScript on and reload the page., 
Please turn JavaScript on and reload the page., 
Please turn JavaScript on and reload the page., 
Please turn JavaScript on and reload the page., 
Please turn JavaScript on and reload the page., 
Please turn JavaScript on and reload the page., 
Please turn JavaScript on and reload the page., 
Please turn JavaScript on and reload the page., 
Please turn JavaScript on and reload the page., 
Please turn JavaScript on and reload the page., 
Please turn JavaScript on and reload the page., 
Please turn JavaScript on and reload the page., 
Please turn JavaScript on and reload the page., 
Please turn JavaScript on and reload the page., 
Please turn JavaScript on and reload the page., 
Please turn JavaScript on and reload the page., 
Please turn JavaScript on and reload the page., 
Please turn JavaScript on and reload the page., 
Please turn JavaScript on and reload the page., 
Please turn JavaScript on and reload the page., 
Please turn JavaScript on and reload the page., 
Please turn JavaScript on and reload the page., 
Please turn JavaScript on and reload the page., 
Please turn JavaScript on and reload the page., 
Please turn JavaScript on and reload the page., 
Please turn JavaScript on and reload the page., 
Please turn JavaScript on and reload the page., 
Please turn JavaScript on and reload the page., 
Please turn JavaScript on and reload the page., 
Please turn JavaScript on and reload the page., 
Please turn JavaScript on and reload the page., 
Please turn JavaScript on and reload the page., 
Please turn JavaScript on and reload the page., 
Please turn JavaScript on and reload the page., 
Please turn JavaScript on and reload the page., 
Please turn JavaScript on and reload the page., 
Please turn JavaScript on and reload the page., 
Please turn JavaScript on and reload the page., 
Please turn JavaScript on and reload the page., 
Please turn JavaScript on and reload the page., 
Please turn JavaScript on and reload the page., 
Please turn JavaScript on and reload the page., 
Please turn JavaScript on and reload the page., 
Please turn JavaScript on and reload the page., 
Please turn JavaScript on and reload the page., 
Please turn JavaScript on and reload the page., 
Please turn JavaScript on and reload the page., 
Please turn JavaScript on and reload the page., 
Please turn JavaScript on and reload the page., 
Please turn JavaScript on and reload the page., 
Please turn JavaScript on and reload the page., 
Please turn JavaScript on and reload the page., 
Please turn JavaScript on and reload the page., 
Please turn JavaScript on and reload the page., 
Please turn JavaScript on and reload the page., 
Please turn JavaScript on and reload the page., 
Please turn JavaScript on and reload the page., 
Please turn JavaScript on and reload the page., 
Please turn JavaScript on and reload the page., 
Please turn JavaScript on and reload the page., 
Please turn JavaScript on and reload the page., 
Please turn JavaScript on and reload the page., 
Please turn JavaScript on and reload the page., 
Please turn JavaScript on and reload the page., 
Please turn JavaScript on and reload the page., 
Please turn JavaScript on and reload the page., 
Please turn JavaScript on and reload the page., 
Please turn JavaScript on and reload the page., 
Please turn JavaScript on and reload the page., 
Please turn JavaScript on and reload the page., 
Please turn JavaScript on and reload the page., 
Please turn JavaScript on and reload the page., 
Please turn JavaScript on and reload the page., 
Please turn JavaScript on and reload the page., 
Please turn JavaScript on and reload the page., 
Please turn JavaScript on and reload the page., 
Please turn JavaScript on and reload the page., 
Please turn JavaScript on and reload the page., 
Please turn JavaScript on and reload the page., 
Please turn JavaScript on and reload the page., 
Please turn JavaScript on and reload the page., 
Please turn JavaScript on and reload the page., 
Please turn JavaScript on and reload the page., 
Please turn JavaScript on and reload the page., 
Please turn JavaScript on and reload the page., 
Please turn JavaScript on and reload the page., 
Please turn JavaScript on and reload the page., 
Please turn JavaScript on and reload the page., 
Please turn JavaScript on and reload the page., 
Please turn JavaScript on and reload the page., 
Please turn JavaScript on and reload the page., 
Please turn JavaScript on and reload the page., 
Please turn JavaScript on and reload the page., 
Please turn JavaScript on and reload the page., 
Please turn JavaScript on and reload the page., 
Please turn JavaScript on and reload the page., 
Please turn JavaScript on and reload the page., 
Please turn JavaScript on and reload the page., 
Please turn JavaScript on and reload the page., 
Please turn JavaScript on and reload the page., 
Please turn JavaScript on and reload the page., 
Please turn JavaScript on and reload the page., 
Please turn JavaScript on and reload the page., 
Please turn JavaScript on and reload the page., 
Please turn JavaScript on and reload the page., 
Please turn JavaScript on and reload the page., 
Please turn JavaScript on and reload the page., 
Please turn JavaScript on and reload the page., 
Please turn JavaScript on and reload the page., 
Please turn JavaScript on and reload the page., 
Please turn JavaScript on and reload the page., 
Please turn JavaScript on and reload the page., 
Please turn JavaScript on and reload the page., 
Please turn JavaScript on and reload the page., 
Please turn JavaScript on and reload the page., 
Please turn JavaScript on and reload the page., 
Please turn JavaScript on and reload the page., 
Please turn JavaScript on and reload the page., 
Please turn JavaScript on and reload the page., 
Please turn JavaScript on and reload the page., 
Please turn JavaScript on and reload the page., 
Please turn JavaScript on and reload the page., 
Please turn JavaScript on and reload the page., 
Please turn JavaScript on and reload the page., 
Please turn JavaScript on and reload the page., 
Please turn JavaScript on and reload the page., 
Please turn JavaScript on and reload the page., 
Dash (DASH),$44.55
Ontology (ONT),$0.537846
Bitcoin (BTC),"$7,597.82"
Ethereum (ETH),$134.02
XRP (XRP),$0.196723
VeChain (VET),$0.005904
Dash (DASH),$44.55
Bitcoin (BTC),"$7,597.82"
Ontology (ONT),$0.537846
Ethereum (ETH),$134.01
VeChain (VET),$0.005904
XRP (XRP),$0.196723
NEM (XEM),$0.033173
Tether (USDT),$0.996212
Dogecoin (DOGE),$0.002110
Dash (DASH),$44.52
Bitcoin (BTC),"$7,597.82"
Ethereum (ETH),$134.01
XRP (XRP),$0.196723
Bitcoin (BTC),"$7,603.75"
Dash (DASH),$44.54
Ethereum (ETH),$133.92
Ontology (ONT),$0.542841
XRP (XRP),$0.196835
Tether (USDT),$1.00
VeChain (VET),$0.005975
Bitcoin Cash (BCH),$196.40
NEM (XEM),$0.033290
Litecoin (LTC),$42.45
Dogecoin (DOGE),$0.002108
Please turn JavaScript on and reload the page., 
Please turn JavaScript on and reload the page., 
Please turn JavaScript on and reload the page., 
Please turn JavaScript on and reload the page., 
Please turn JavaScript on and reload the page., 
Please turn JavaScript on and reload the page., 
Please turn JavaScript on and reload the page., 
Please turn JavaScript on and reload the page., 
Please turn JavaScript on and reload the page., 
Please turn JavaScript on and reload the page., 
Please turn JavaScript on and reload the page., 
Please turn JavaScript on and reload the page., 
Please turn JavaScript on and reload the page., 
Please turn JavaScript on and reload the page., 
Please turn JavaScript on and reload the page., 
Bitcoin (BTC),"$7,604.38"
Dash (DASH),$44.52
Ethereum (ETH),$133.90
Bitcoin (BTC),"$7,604.40"
Dash (DASH),$44.53
Ethereum (ETH),$133.98
Ontology (ONT),$0.542365
XRP (XRP),$0.196885
VeChain (VET),$0.005973
Tether (USDT),$1.00
NEM (XEM),$0.033316
Bitcoin Cash (BCH),$196.74
Litecoin (LTC),$42.39
Dogecoin (DOGE),$0.002109
EOS (EOS),$2.57
Basic Attention Token (BAT),$0.173101
Binance Coin (BNB),$13.98
Bitcoin (BTC),"$7,602.44"
Dash (DASH),$44.53
Ethereum (ETH),$134.18
Ontology (ONT),$0.542160
Dash (DASH),$44.40
Bitcoin (BTC),"$7,574.80"
Ontology (ONT),$0.540490
Ethereum (ETH),$133.85
VeChain (VET),$0.005935
XRP (XRP),$0.196972
NEM (XEM),$0.033199
Tether (USDT),$1.01
Dogecoin (DOGE),$0.002106
Bitcoin Cash (BCH),$196.03
Basic Attention Token (BAT),$0.172436
Litecoin (LTC),$42.36
EOS (EOS),$2.56
Binance Coin (BNB),$13.95
Paxos Standard (PAX),$1.01
Please turn JavaScript on and reload the page., 
Please turn JavaScript on and reload the page., 
Please turn JavaScript on and reload the page., 
Please turn JavaScript on and reload the page., 
Please turn JavaScript on and reload the page., 
Please turn JavaScript on and reload the page., 
Please turn JavaScript on and reload the page., 
Please turn JavaScript on and reload the page., 
Please turn JavaScript on and reload the page., 
Please turn JavaScript on and reload the page., 
Please turn JavaScript on and reload the page., 
Please turn JavaScript on and reload the page., 
Please turn JavaScript on and reload the page., 
Please turn JavaScript on and reload the page., 
Please turn JavaScript on and reload the page., 
Please turn JavaScript on and reload the page., 
Please turn JavaScript on and reload the page., 
Please turn JavaScript on and reload the page., 
Please turn JavaScript on and reload the page., 
